{"cameraMode":{"drawMode":0,"name":"Shaded","section":"Shading Mode"},"sceneLighting":true,"audioPlay":false,"sceneViewState":{"m_AlwaysRefresh":false,"showFog":true,"showSkybox":true,"showFlares":true,"showImageEffects":true,"showParticleSystems":true,"showVisualEffectGraphs":true,"m_FxEnabled":true},"in2DMode":false,"pivot":{"x":62.85493087768555,"y":9.447888374328614,"z":-23.840591430664064},"rotation":{"x":0.062434837222099307,"y":0.2948857247829437,"z":-0.019313523545861245,"w":0.9533013701438904},"size":0.8660253882408142,"orthographic":false}